API_BrokerID,API_BrokerReference,API_PartyId,API_PartyCrmIdentifier,API_IsOrganisation,API_OrganisationName,API_Salutation,API_FirstName,API_MiddleName,API_LastName,API_Name,API_SearchName,API_EmailAddress,API_Telephone,API_Fax,API_AddressId,API_AddressName,API_AddressLine1,API_AddressLine2,API_AddressLine3,API_City,API_State,API_Country,API_Postcode,API_IsPrimaryAddress
1289,7066,112484,e3f793dd-9e62-ea11-a811-000d3a86ad30,true,BEIJING SINO TAO INSURANCE BROKERS CO.  LTD,null,null,null,null,BEIJING SINO TAO INSURANCE BROKERS CO.  LTD,BEIJING SINO TAO INSURANCE BROKERS CO.  LTD,CHENGSJ@ZCARE.XYZ,null,null,112899,ROOM 722B  7F ,HUAPU INTERNATIONAL BUILDING,19 CHAOWAI STREET  CHAOYANG DISTRICT,null,BEIJING,null,CHINA  PEOPLES REPUBLIC OF,null
1288,7065,112392,db7fbbff-e75f-ea11-a811-000d3a86a8cf,true,AMP Test Broker,null,null,null,null,AMP Test Broker,AMP Test Broker,null,null,null,112807,10 Whitechapel,null,null,null,London,null,UNITED KINGDOM,null
1287,6206,112366,ad222b91-489e-e911-a98f-002248005d88,true,3 Dimensional Insurance Ltd,null,null,null,null,3 Dimensional Insurance Ltd,3 Dimensional Insurance Ltd,Haydn.hertz@3diltd.co.uk,07974083712,null,112780,Warlies Park House,Horseshoe Hill,null,null,Waltham Abbey,Essex,UNITED KINGDOM,EN9 3SL
1286,6217,112362,41996b78-41b4-e911-a995-0022480042b3,true,Armstrong’s Insurance Brokers Pty Ltd,null,null,null,null,Armstrong’s Insurance Brokers Pty Ltd,Armstrong’s Insurance Brokers Pty Ltd,office@armstrongs.net.au,03 63315455,03 63315488,112776,47 Cameron Street,Launceston,null,null,Tasmania 7250,null,AUSTRALIA,null
1285,7064,112011,dca7ffc6-fc5e-ea11-a811-000d3a86ad30,true,Guemas International,null,null,null,null,Guemas International,Guemas International,null,null,null,112415,60 rue de Londres,null,null,null,Paris,null,FRANCE,75008
1284,7062,111549,d42719ab-1053-ea11-a813-000d3a86a8cf,true,Antah Insurance Brokers Sdn Bhd,null,null,null,null,Antah Insurance Brokers Sdn Bhd,Antah Insurance Brokers Sdn Bhd,theiva@asib.com.my,+60376290001,+60376290002,111953,3rd Floor  West Wing Quattro West,4 Persiaran Barat,null,null,Selangor Darul Ehsan,null,MALAYSIA,46100 Petaling Jaya
1283,7061,111476,9bf84cee-6052-ea11-a813-000d3a86a8cf,true,AON BENFIELD ARGENTINA S.A.,null,null,null,null,AON BENFIELD ARGENTINA S.A.,AON BENFIELD ARGENTINA S.A.,javier.nocetti@aon.com,541152541615,null,111880,Aon Benfield Argentina S.A.,Emma de la Barra 353,Piso 4,Puerto Madero,Buenos Aires,null,ARGENTINA,C1107CQA
1282,7060,111350,a7ca4277-d54e-ea11-a812-000d3a86a8cf,true,Keppel SMIT Towage Pte Ltd,null,null,null,null,Keppel SMIT Towage Pte Ltd,Keppel SMIT Towage Pte Ltd,nathalia.lossovska@boskalis.com,66684304,null,111751,23 Gul Road,null,null,null,Singapore 629356,null,SINGAPORE  REPUBLIC OF,null
1281,7059,111257,f8d4bb05-334d-ea11-a812-000d3a86a8cf,true,Westblake Pty Ltd t/as it's insured,null,null,null,null,Westblake Pty Ltd t/as it's insured,Westblake Pty Ltd t/as it's insured,tremayne.west@itsinsured.com.au,null,null,111658,NSW 2022,Level 23,520 Oxford Road,null,Bondi Junction,null,AUSTRALIA,null
1280,7058,111209,9aecc559-ed4b-ea11-a812-000d3a86ad30,true,ATL Marine & Energy Ltd,null,null,null,null,ATL Marine & Energy Ltd,ATL Marine & Energy Ltd,null,02035951115,null,111610,145 Leadenhall Street,145 Leadenhall Street,null,null,London,null,UNITED KINGDOM,EC3V 4QT
1279,7056,111072,0b1bf06b-8949-ea11-a812-000d3a86ad30,true,Prudent Insurance Brokers Pvt. Ltd,null,null,null,null,Prudent Insurance Brokers Pvt. Ltd,Prudent Insurance Brokers Pvt. Ltd,bansi.suvarna@prudentbrokers.com,+91 22 33066000,null,111473,Prudent Insurance Brokers Pvt. Ltd,101  Tower B  Peninsula Business Park,Ganpatrao Kadam Marg,Lower Parel,W  Mumbai,null,INDIA,400013
1278,7055,111057,0c5272bb-fe48-ea11-a812-000d3a86ad30,true,Gulf Ocean Insurance & Reinsurance Brokers DIFC Limited,null,null,null,null,Gulf Ocean Insurance & Reinsurance Brokers DIFC Limited,Gulf Ocean Insurance & Reinsurance Brokers DIFC Limited,vijay@gulfoceanre.com,+971 (04) 587 6452,+971 (04) 431 5831,111458,Gulf Ocean Insurance & Reinsurance Brokers (DIFC) Limited,Office #516  Liberty House,Dubai International Financial Centre,null,Dubai,null,UNITED ARAB EMIRATES,null
1277,7054,110696,db06eb98-9246-ea11-a812-000d3a86a8cf,true,Regent Marine Assekuranzmakler GmbH,null,null,null,null,Regent Marine Assekuranzmakler GmbH,Regent Marine Assekuranzmakler GmbH,Monika.Brockmann@regent-marine.de,+4942152571112,null,111097,Flughafenallee 28,null,null,null,Bremen,null,GERMANY,28199
1276,7053,110559,07f54d73-4f43-ea11-a812-000d3a86a8cf,true,La Positiva Seguros y Reaseguros,null,null,null,null,La Positiva Seguros y Reaseguros,La Positiva Seguros y Reaseguros,null,+5112110000,null,110960,Francisco Masias No 370  San Isidro ,null,null,null,Lima 27,null,PERU,null
1275,7050,110161,36cc4163-3238-ea11-a813-000d3a86a8cf,true,Paul Donnelly Insurance Brokers Pty Ltd,null,null,null,null,Paul Donnelly Insurance Brokers Pty Ltd,Paul Donnelly Insurance Brokers Pty Ltd,null,+61294827422,+61294827462,110561,PO Box 97,Berowra,null,null,NSW 2081,null,AUSTRALIA,null
1274,7051,110159,d3664aa3-0c39-ea11-a813-000d3a86ad30,true,RAMON INTERNATIONAL INSURANCE BROKERS LIMITED,null,null,null,null,RAMON INTERNATIONAL INSURANCE BROKERS LIMITED,RAMON INTERNATIONAL INSURANCE BROKERS LIMITED,general@ramon.co.uk,02073695300,02073695301,110559,24 Creechurch Lane,24 CREECHURCH LANE,null,null,LONDON,null,UNITED KINGDOM,EC3A 5EH
1273,7049,110022,3dfa8e46-af32-ea11-a813-000d3a86ad30,true,Aster Underwriting Pty Ltd,null,null,null,null,Aster Underwriting Pty Ltd,Aster Underwriting Pty Ltd,null,null,null,110421,Level 4,Cnr Clifford & Appel Streets,Surfers Paradise,null,QLD,null,AUSTRALIA,4217
1272,7047,110019,b4c526c5-1132-ea11-a810-000d3a86ad30,true,Orloff Yachting Limited,null,null,null,null,Orloff Yachting Limited,Orloff Yachting Limited,gkh@andriaki.gr,0030-210-6152441,null,110418,9  FRAGOKLISSIAS STR,151 25 MAROUSSI,ATTICA,null,ATHENS,null,GREECE,null
1271,7046,109873,298bb817-0f32-ea11-a810-000d3a86ad30,false,Doris Nepa,null,Doris,null,Nepa, Doris Nepa,Doris Nepa,gkh@andriaki.gr,00302106152441,null,110270,9  FRAGOKLISSIAS STR,151 25 MAROUSSI,ATTICA,null,ATHENS,GREECE,GREECE,null
1270,7048,109870,642de597-2032-ea11-a810-000d3a86ad30,true,Ocean Cruising Corporation SA,null,null,null,null,Ocean Cruising Corporation SA,Ocean Cruising Corporation SA,gkh@andriaki.gr,0030-210-6152441,null,110267,9  FRAGOKLISSIAS STR.,151 25 MAROUSSI,ATTICA,null,ATHENS,null,GREECE,null
1269,7045,109720,84063cf2-642d-ea11-a810-000d3a86ad30,true,Sarl Valantin Berger,null,null,null,null,Sarl Valantin Berger,Sarl Valantin Berger,null,null,null,110116,4  rue Etienne Dolet,null,null,null,Tarare,null,FRANCE,69170
1268,7044,109494,af1c5f4e-7c21-ea11-a810-000d3a86a8cf,true,Fairfirst Insurance Limited,null,null,null,null,Fairfirst Insurance Limited,Fairfirst Insurance Limited,null,null,null,109890,Fairfirst Insurance Limited,Access Towers II (14th Floor) ,278/4 ,Union Place ,Colombo 02,null,SRI LANKA,null
1267,7043,109402,6efa2610-d81c-ea11-a811-000d3a86ad30,false,MICHAEL KENT,null,MICHAEL,null,KENT, MICHAEL KENT,MICHAEL KENT,michaelkent@egginternationl.com,0037797975206,null,109798,AO52 LE MEMMO CENTER,null,4 AVENUE DES GUELFES,null,MONACO,null,MONACO,MC9800
1266,7042,109082,8b663006-8016-ea11-a811-000d3a86a8cf,true,Triple "A" Marine Risks Ltd,null,null,null,null,Triple "A" Marine Risks Ltd,Triple "A" Marine Risks Ltd,null,null,null,109477,4 Kifissias Avenue,151 25 Maroussi,null,null,Athens,null,GREECE,null
1265,7040,109055,2bcc322c-7215-ea11-a811-000d3a86a8cf,true,Insurance Aid General Brokers Partnership Pty Ltd,null,null,null,null,Insurance Aid General Brokers Partnership Pty Ltd,Insurance Aid General Brokers Partnership Pty Ltd,andrewh@insuranceaid.com.au,0736301823,null,109450,9/35 Paringa Road,null,null,null,Murarrie Q,null,AUSTRALIA,4172
1264,7041,109045,82dc8fd4-df15-ea11-a811-000d3a86ad30,false,Ilya Sonyushkin,Mr.,Ilya,null,Sonyushkin,Mr. Ilya Sonyushkin,Ilya Sonyushkin,isonyushkin@gmail.com,+79166534310,null,109440,Kutuzovskiy Avenue 26-495,null,null,null,Moscow,null,RUSSIAN FEDERATION,121165
1263,7039,108940,0bc45595-440d-ea11-a811-000d3a86a8cf,true,Henderson International B.V.,null,null,null,null,Henderson International B.V.,Henderson International B.V.,null,null,null,109335,Welfare Road #129,Laguna View,Suite 2A,null,Cole Bay,null,SINT MAARTEN,null
1262,7038,108769,d18c851e-b30b-ea11-a811-000d3a86aa92,true,APEX International Insurance Mediations LLC,null,null,null,null,APEX International Insurance Mediations LLC,APEX International Insurance Mediations LLC,null,null,null,109164,ABDULLA BIN DARWISH BLDG.  SHK. ZAYED ST.  PO BOX 35764  ABU DHABI - UAE,null,null,null,Abu Dhabi,null,UNITED ARAB EMIRATES,null
1261,7037,108687,4f33d109-2106-ea11-a811-000d3a86ac4e,true,OP DE BEECK & WORTH CORREDURIA DE SEGUROS SL,null,null,null,null,OP DE BEECK & WORTH CORREDURIA DE SEGUROS SL,OP DE BEECK & WORTH CORREDURIA DE SEGUROS SL,DANNI@OPDEBEECK-WORTH.COM,+34 952 88 22 73,null,109082,CENTRO COMERCIAL GUADALMINA IV  LOCALES 97-98  29670 SAN PEDRO DE ALCANTARA,null,null,null,MARBELLA,null,SPAIN,null
1260,7035,108147,773b75b5-2afb-e911-a813-000d3a86aa92,true,WG Yachts,null,null,null,null,WG Yachts,WG Yachts,richard@wgyachts.com,01737 552885,null,108534,9 Stagbury Close  Chipstead  Coulsdon  Surrey  CR5 3PH,null,null,null,Coulsdon,null,UNITED KINGDOM,null
1259,7036,108136,97973b87-33fb-e911-a813-000d3a86ad30,true,HP INTERNATIONAL (HELLAS) CORP,null,null,null,null,HP INTERNATIONAL (HELLAS) CORP,HP INTERNATIONAL (HELLAS) CORP,hp@hpintel.com,+30-210-4296880,+30-210-4296885,108523,Afroditis  24 - Piraeus,null,null,null,Piraeus,null,GREECE,null
1258,7033,108042,d4cc7968-e8f7-e911-a813-000d3a86a3f8,true,test1,null,null,null,null,test1,test1,null,null,null,108428,test1address,null,null,null,Birmingham,null,UNITED KINGDOM,null
1257,6244,108019,763beebb-13f7-e911-a813-000d3a86ad30,true,MCGILL AND PARTNERS LTD,,null,null,null,MCGILL AND PARTNERS LTD,MCGILL AND PARTNERS LTD,info@mcgillpartners.com,020 3985 1803,,108405,Suite 806 Lloyd's,1 Lime Street,,,London,,UNITED KINGDOM,EC3M 7HA
1256,6243,107795,c2b61812-eaf0-e911-a812-000d3a86aa92,true,EVMAR MARINE SERVICES LTD,,null,null,null,EVMAR MARINE SERVICES LTD,EVMAR MARINE SERVICES LTD,marine@evmar.gr,00302104284900,00302104284977,108171,2 DEFTERAS MERARCHIAS STR,,,,PIRAEUS,,GREECE,18535
1255,6242,107783,d3754fa7-c3f0-e911-a812-000d3a86a3f8,true,PT Dritama Brokerindo,,null,null,null,PT Dritama Brokerindo,PT Dritama Brokerindo,Henry.wong@dritama.co.id,62-21-4701272/73,62-21-4701262,108159,Kompleks Perkantoran Puloma Blok XI No. 2,Jalan Perintis Kemerdekaan,,,Jakarta Timur,,INDONESIA,13260
1254,6240,107775,4dad3c2a-27f0-e911-a812-000d3a86ad30,true,VANGMAR INSCE BROKERS LTD,,null,null,null,VANGMAR INSCE BROKERS LTD,VANGMAR INSCE BROKERS LTD,INFO@VANGMAR.COM,+302104292020,+302104292224,108149,9 FILELLINON STREET,,,,PIRAEUS,,GREECE,18536
1253,6241,107719,988034f2-28ef-e911-a812-000d3a86a945,true,Risk Broking Pty Ltd,,null,null,null,Risk Broking Pty Ltd,Risk Broking Pty Ltd,info@riskbroking.com.au,(08)82322311,,108090,Level 2/86 Pirie Street,,,,Adelaide,South Australia,AUSTRALIA,
1252,6239,107562,d937a2c9-a3e9-e911-a812-000d3a86a3f8,true,Austbrokers BGA,,null,null,null,Austbrokers BGA,Austbrokers BGA,brokers@bgabrokers.com.au,0362781526,0362286959,107925,PO Box 276,Moonah,,,Tasmania,,AUSTRALIA,7009
1251,6235,107430,0e35c6fd-14e5-e911-a813-000d3a86a3f8,true,Forsyth and Nash Insurance Brokers,,null,null,null,Forsyth and Nash Insurance Brokers,Forsyth and Nash Insurance Brokers,,,,107782,Post Net Suite 172,Private Box X16,,,Constantia,,SOUTH AFRICA,7848
1250,6237,107288,b1225ffc-3de0-e911-a813-000d3a86a945,true,Schill Insurance Brokers,,null,null,null,Schill Insurance Brokers,Schill Insurance Brokers,kschill@schillinsurance.com,6045854445,6045851985,107636,Schill Insurance Brokers Ltd,302-15127 100 Avenue,,,Surrey,British Columbia,CANADA,BC V3F 0NG
1249,6236,107243,dcb3d1d4-e2de-e911-a813-000d3a86ad30,true,Insurnet SL Correduria de Seguros,,null,null,null,Insurnet SL Correduria de Seguros,Insurnet SL Correduria de Seguros,rafalacasa@insurnet.es,+34696522650,,107591,Via Sindicato 69 - 7 1,,,,Palma de Mallorca,,SPAIN,07002
1248,6234,107222,e493aa3a-b6de-e911-a813-000d3a86ac4e,true,Griffiths & Armour Global Risks Limited,,null,null,null,Griffiths & Armour Global Risks Limited,Griffiths & Armour Global Risks Limited,sswainbank@griffithsandarmour.com,02070901106,,107570,One America Square,17 Crosswall,,,London,,UNITED KINGDOM,EC3N 2AD
1247,6233,107182,5a6e4a66-e4dd-e911-a813-000d3a86a8cf,true,Austbrokers City State Pty Ltd,,null,null,null,Austbrokers City State Pty Ltd,Austbrokers City State Pty Ltd,Info@abcitystate.com.au,02 4297 1800,02 4297 1400,107520,PO Box 870,,,,Wollongong NSW,,AUSTRALIA,2520
1246,6232,107020,4bc0bd6d-85d8-e911-a814-000d3a86aa92,true,Siaci Saint Honore,,null,null,null,Siaci Saint Honore,Siaci Saint Honore,alain.folliot@cap-marine.com,,,107356,Espace Leader  rue Gustave Eiffel,,,,76235 Bois-Guillaume,,FRANCE,
1245,6231,107018,782c99d9-84d8-e911-a813-000d3a86a945,true,Siaci Saint Honore,,null,null,null,Siaci Saint Honore,Siaci Saint Honore,nicolas.roux@cap-marine.com,,,107354,Season 39  rue Mstislav Rostropovitch,,,,75815 Paris Cedex 17,,FRANCE,
1244,6230,107016,dd79f8ad-84d8-e911-a813-000d3a86ad30,true,Siaci Saint Honore,,null,null,null,Siaci Saint Honore,Siaci Saint Honore,nicolas.loyer@cap-marine.com,,,107352,6 Rue Rene Viviani,,,,44200 Nantes,,FRANCE,
1243,6228,106861,d462aea7-a4d3-e911-a813-000d3a86ac4e,true,Tymar (WA) Pty Ltd T/as Zenith Insurance Services,,null,null,null,Tymar (WA) Pty Ltd T/as Zenith Insurance Services,Tymar (WA) Pty Ltd T/as Zenith Insurance Services,,,,107192,PO Box 121,Osborne Park,,,Western Australia,,AUSTRALIA,6917
1242,6229,106819,5b0490f1-e4d2-e911-a813-000d3a86a3f8,true,Integro USA Inc.,,null,null,null,Integro USA Inc.,Integro USA Inc.,,+1 212 295 8535,,107147,1 State Street,,,,New York,New York,UNITED STATES OF AMERICA,10005
1241,6227,106667,124ffcd6-fdce-e911-a813-000d3a86ac4e,true,Acumen Insurance Pty Ltd,,null,null,null,Acumen Insurance Pty Ltd,Acumen Insurance Pty Ltd,simon@acumeninsurance.com.au,+61 02 82093488,,106993,PO Box 1755  Chatswood,,,,NSW 2057,,AUSTRALIA,
1240,6225,106534,6f3d87f4-4eca-e911-a812-000d3a86a3f8,true,Charlie Chan Capital Partners Pte Ltd,,null,null,null,Charlie Chan Capital Partners Pte Ltd,Charlie Chan Capital Partners Pte Ltd,,,,106857,2 Ewart Park,,,,Singapore,,SINGAPORE  REPUBLIC OF,279729
1239,6226,106531,2b277ee2-4dca-e911-a812-000d3a86ac4e,true,Willis Towers Watson Sigorta Ve Reasurans Broker,,null,null,null,Willis Towers Watson Sigorta Ve Reasurans Broker,Willis Towers Watson Sigorta Ve Reasurans Broker,ozdal.dalokay@willistowerswatson.com,+905396621004,,106854,Astoria A Kule Kat 4,Esentepe,Buyukdere Caddesi No 127,,Istanbul,,TURKEY,34394
1238,6223,106123,cca0fa3f-98c2-e911-a992-0022480053e9,true,IIZI Kindlustusmaakler AS,,null,null,null,IIZI Kindlustusmaakler AS,IIZI Kindlustusmaakler AS,igor.fedotov@iizi.ee,+3725129424,,106442,Harju Maakond  ,Pohja-Tallinna Iinnaosa,Telliskivi tn 60/2,,Tallinn,,ESTONIA  REPUBLIC OF,10412
1237,6162,106053,a73ddb33-0dc0-e911-a992-00224800510b,true,Marsh (PTY) LTD,,null,null,null,Marsh (PTY) LTD,Marsh (PTY) LTD,,031 830 6012,,106370,P.O. Box 782,,,,Umhlanga,,SOUTH AFRICA,4320
1236,6222,105787,cde6946a-4cb8-e911-a992-0022480053e9,true,BM Property sp.z o.o.,,null,null,null,BM Property sp.z o.o.,BM Property sp.z o.o.,,,,106100,BM Property ,Haffnera 6,,,81-717 Sopot,,POLAND,
1235,6217,105759,53588421-ff1b-ea11-a811-000d3a86a8cf,true,Armstrong’s Insurance Brokers Pty Ltd,null,null,null,null,Armstrong’s Insurance Brokers Pty Ltd,Armstrong’s Insurance Brokers Pty Ltd,office@armstrongs.net.au,03 63315455,03 63315488,106070,47 Cameron Street,Launceston,,,Tasmania 7250,,AUSTRALIA,
1234,6220,105752,ab7b858a-6ab4-e911-a992-002248005d88,true,Hub Montreal,null,null,null,null,Hub Montreal,Hub Montreal,,,,106063,HUB International Quebec Limited,1010 rue Sherbrooke Ouest,,,Montreal,Quebec,CANADA,QC H3A 2R7
1233,6221,105690,c3cf21de-03b5-e911-a992-0022480050c6,true,Sri Lanka Insurance Corporation Ltd,null,null,null,null,Sri Lanka Insurance Corporation Ltd,Sri Lanka Insurance Corporation Ltd,sumithr@srilankainsurance.com,+94 11 235 7941,+94 11 2382335,105997,21 Vauxhall Street,,,,Colombo - 02,,SRI LANKA,
1232,6218,105671,68f9f207-43b4-e911-a995-0022480042b3,true,Sri Lanka Insurance Corporation Ltd,null,null,null,null,Sri Lanka Insurance Corporation Ltd,Sri Lanka Insurance Corporation Ltd,,,,105978,21  Vauxhall Street  Colombo 02,,,,Colombo,,SRI LANKA,
1231,6219,105649,005d5721-52b4-e911-a992-002248005d88,true,McGowan Corporate Solutions,,null,null,null,McGowan Corporate Solutions,McGowan Corporate Solutions,craig@mcgowancorp.co.uk,01428 661950,01428 661949,105956,Longdene House ,Hedgehog Lane  ,,,Haslemere ,,UNITED KINGDOM,GU27 2PH
1230,6210,105527,bc61bcb9-40a9-e911-a994-0022480042b3,true,Rainbow Coast Insurance Brokers,null,null,null,null,Rainbow Coast Insurance Brokers,Rainbow Coast Insurance Brokers,rayna_robinson@rcib.com.au,+61 8 9841 8577,,105832,31 Collie Street ,,,,Albany,Western Australia,AUSTRALIA,6330
1229,6216,105467,c4bdc679-bbae-e911-a992-0022480053e9,true,Cambiaso Risso Asia Pte Ltd,null,null,null,null,Cambiaso Risso Asia Pte Ltd,Cambiaso Risso Asia Pte Ltd,marco.daini@cambiasorisso.com,+65 6586 1164,+65 6491 6591,79010,6 Battery Road,#34-01,,,Singapore,,SINGAPORE  REPUBLIC OF,049909
1228,6215,105393,db56776e-f8ad-e911-a995-0022480042b3,true,MARCH RISK SOLUTIONSCORREDURIA DE SEGUROS Y REASEGUROS S.A.U,,null,null,null,MARCH RISK SOLUTIONSCORREDURIA DE SEGUROS Y REASEGUROS S.A.U,MARCH RISK SOLUTIONSCORREDURIA DE SEGUROS Y REASEGUROS S.A.U,cdelcampo@march-rs.es,+34917811499,,105699,Calle de Lagasca 88 2a ,,,,Madrid ,,SPAIN,28001
1227,6214,105387,1ee0f0c9-f4ad-e911-a992-0022480053e9,true,Circle Marine Insurance Services ,,null,null,null,Circle Marine Insurance Services ,Circle Marine Insurance Services ,alex.hoole@circlemarine.co.uk,02380011858,,105693,The White Building  Suite 1,1-4 Cumberland Place,Southampton,,Hampshire,,UNITED KINGDOM,SO15 2NP
1226,6206,105386,519fd4c0-05b5-e911-a992-00224800510b,true,3 Dimensional Insurance Ltd,null,null,null,null,3 Dimensional Insurance Ltd,3 Dimensional Insurance Ltd,alexandra.vera@3diltd.co.uk,,,105692,Warlies Park House,Horseshoe Hill,,,Essex,,UNITED KINGDOM,EN9 3SL
1225,6212,105321,31c138f3-63ac-e911-a992-002248005d88,true,SMP (Sanctions Cases),,null,null,null,SMP (Sanctions Cases),SMP (Sanctions Cases),,,,105627,The Shipowners' Protection Limited,White Chapel Building,10 Whitechapel High Street,2nd Floor,London,,UNITED KINGDOM,E1 8QQ
1224,6209,105165,0edee6f0-aba7-e911-a990-00224800510b,true,JMD Ross Insurance Brokers Pty Ltd,,null,null,null,JMD Ross Insurance Brokers Pty Ltd,JMD Ross Insurance Brokers Pty Ltd,mshearer@jmdross.com.au,+61 02 9478 0824,+61 02 9906 1199,105466,Level 6  1 Chandos Street,St Leonards,,,Sydney,New South Wales,AUSTRALIA,2065
1223,6207,104863,a990c3e0-099f-e911-a98e-0022480056f9,true,PWS Labuan Ltd,,null,null,null,PWS Labuan Ltd,PWS Labuan Ltd,shahira@pwslabuan.com,+603 2287 7828 ,+603 2287 7829,105140,A-27-6 Level 27  Menara UOA Bangsar,No. 5 Jalan Bangsar Utama 1,,,Kuala Lumpur,,MALAYSIA,59000
1222,6199,104663,b97b8435-8499-e911-a98f-002248005d88,true,E Tay & Associates Sdn Bhd,,null,null,null,E Tay & Associates Sdn Bhd,E Tay & Associates Sdn Bhd,edward@etay.net,,,104939,Unit 22-02 Level 22,Menara Zurich,15 Jalan Dato Abdullah Tahir,,Johor Bahru,,MALAYSIA,80300
1221,6205,104545,51c82b1d-2797-e911-a98e-0022480056f9,true,Knightcorp Insurance Brokers,,null,null,null,Knightcorp Insurance Brokers,Knightcorp Insurance Brokers,insurance@knightcorp.net.au,61 8 9389 7372,,104808,Level 7,5 Mill Street,,,Perth ,WA,AUSTRALIA,6000
1220,6121,104490,350ce192-5c96-e911-a98f-00224800510b,true,THB Korea Insurance Brokers Ltd,,null,null,null,THB Korea Insurance Brokers Ltd,THB Korea Insurance Brokers Ltd,marine@thbkorea.com,+8227257007,,104752,Suite 502  Taesung Bldg. ,#22 Sejong-daero 21-gil  Jung-gu ,,,Seoul,,KOREA  REPUBLIC OF,04519
1219,6204,104392,9c989e72-7392-e911-a98e-0022480056f9,true,BIB INSURANCE BROKERS SDN BHD,,null,null,null,BIB INSURANCE BROKERS SDN BHD,BIB INSURANCE BROKERS SDN BHD,creditcontrol@bib.com.my,603 9078 2480,60.3 9078 2485,104652,LOT 05.01  LEVEL 5 ,WISMA HONG LEONG ,NO. 18  JALAN PERAK ,,50450 KL,,MALAYSIA,
1218,6191,104356,10fd6152-ba91-e911-a990-0022480053e9,true,Marsh LLC Insurance Brokers,,null,null,null,Marsh LLC Insurance Brokers,Marsh LLC Insurance Brokers,Nikolaos.Rekantzis@marsh.com,+30 210 8176 075,+30 210 8176 040,104615,8-10 Sorou and Dimitsanas  ,15125 Marousi ,,,Athens,,GREECE,
1217,6200,104274,d3ed9e57-968e-e911-a98e-002248005d88,true,Craig Stansfield Ltd T/A CS Insurance Brokers,,null,null,null,Craig Stansfield Ltd T/A CS Insurance Brokers,Craig Stansfield Ltd T/A CS Insurance Brokers,ag@csinsurance.london,02039629971,,104529,6th Floor  Dukes House ,32-38 Dukes Place ,,,London,,UNITED KINGDOM,EC3A 7LP
1216,6202,104271,733280e9-958e-e911-a98e-002248005d88,true,Pioneer Insurance & Reinsurance Brokers Pvt Ltd,,null,null,null,Pioneer Insurance & Reinsurance Brokers Pvt Ltd,Pioneer Insurance & Reinsurance Brokers Pvt Ltd,gsharma@pincinsure.com,912266188548,,104526,1219 Maker Chambers-V,Nariman Point,,,Mumbai,,INDIA,400021
1215,6201,104225,41d71ffc-c08d-e911-a992-0022480042b3,true,Hub International Ontario,,null,null,null,Hub International Ontario,Hub International Ontario,,,,104480,HUB International Ontario Limited,595 Bay Street  Suite 900,,,Toronto,Ontario,CANADA,M5G 2E3
1214,6196,104076,5ca14761-3f88-e911-a98f-0022480053e9,true,Shangri-La Hotel Public Company Ltd,,null,null,null,Shangri-La Hotel Public Company Ltd,Shangri-La Hotel Public Company Ltd,,,,104330,89 Soi Wat Suan Plu  New Road  Bangrak,,,,Bangkok,,THAILAND,10500
1213,6197,104074,cf9448b3-3b88-e911-a992-0022480042b3,true,CR Orion,,null,null,null,CR Orion,CR Orion,nick.little@crorion.com,0097143697287,,104328,2301 Fortune Executive Tower  ,JLT ,PO Box 309118  ,,Dubai,,UNITED ARAB EMIRATES,
1212,6195,103939,8a94c1ab-aa83-e911-a98d-0022480053e9,true,HdB Srl,,null,null,null,HdB Srl,HdB Srl,,,,104178,Via Roma 6/10,16121,,,Genova,,ITALY,
1211,6194,103901,8adb49c6-de82-e911-a98b-0022480056f9,true,Sparaxis Pty Ltd t/as CentreWest Insurance Broker ,,null,null,null,Sparaxis Pty Ltd t/as CentreWest Insurance Broker ,Sparaxis Pty Ltd t/as CentreWest Insurance Broker ,enquiries@centrewest.com.au,61893497900,61893497677,104140,Centrewest Insurance Broker ,PO box 636,,,Balcatta WA,,AUSTRALIA,6914
1210,6193,103805,688115d4-5d81-e911-a98c-00224800510b,true,PT Adonai Pialang Asuransi,,null,null,null,PT Adonai Pialang Asuransi,PT Adonai Pialang Asuransi,aditya@adonai.co.id,628111562333,,104043,Graha Adonai ,Ruko Taman ,Bougenville Estate Blok A,No. 33-34  Jatibening  ,Kalimalang  Bekasi,,INDONESIA,
1209,6192,103787,be8b25c9-1f81-e911-a990-0022480042b3,true,Principal Re Limited,,null,null,null,Principal Re Limited,Principal Re Limited,amalia@principalrelimited.com,60378319859,60378314859,104025,No. 7A Tingkat 1,Jalan Juruwang B U1/B,Laman Glenmarie,40150 Shah Alam,Selangor,,MALAYSIA,
1208,6190,103588,83833cfa-a17b-e911-a98d-0022480053e9,true,Lion Underwriting Pty Ltd,,null,null,null,Lion Underwriting Pty Ltd,Lion Underwriting Pty Ltd,kurt@lionunderwriting.com.au,0280428200,,103819,Unit 34  17 Carins Street,,,,Loganholme,QLD,AUSTRALIA,
1207,6188,103413,31ede661-6176-e911-a990-0022480042b3,true,CKRe Limited,,null,null,null,CKRe Limited,CKRe Limited,amit.s@ckre.co.uk,+44 (0)20 7929 7017,,103638,1st Floor,10 Fenchurch Street,,,London,,UNITED KINGDOM,EDC3M 3BE
1206,6187,103396,1e754d6a-2976-e911-a98c-00224800510b,true,Insurance Advisory Service (NSW) Pty Ltd,,null,null,null,Insurance Advisory Service (NSW) Pty Ltd,Insurance Advisory Service (NSW) Pty Ltd,info@insuranceadvisoryservice.com.au,0282682900,0282682901,103621,PO Box 1073,,,,North Sydney NSW 2060,,AUSTRALIA,
1205,6185,103391,e88f9ebe-2876-e911-a98c-00224800510b,true,Aelia Assurances SA,,null,null,null,Aelia Assurances SA,Aelia Assurances SA,Christelle.Labeyrie@Aelia-Assurances.CH,+41 (0) 225 255 771,,103616,Avenue Louis-Casai 18,,,,Geneve,,SWITZERLAND,1209
1204,6186,103387,2d14c17a-2576-e911-a98c-00224800510b,true,ASCAIR GmbH,,null,null,null,ASCAIR GmbH,ASCAIR GmbH,info@ascair.de,+49 8856 80528,+49 8856 80528-29,103612,Bahnhofstrasse 6,,,,Penzberg,,GERMANY,82377
1203,6184,102902,e89bfa68-3068-e911-a98c-002248005d88,true,Star Ins,,null,null,null,Star Ins,Star Ins,,,,103102,Peyo Yavorov str.  fl. 2  office 3,,,,Sofia,,BULGARIA,130927224
1202,6183,102883,7266343f-1368-e911-a98c-00224800510b,true,TCC Company Limited,,null,null,null,TCC Company Limited,TCC Company Limited,,,,103083,175-177 Bangkok Union Insurance Building,4th Floor  Unit 2  Surawongse Road,Suriyawongse  Bangrak,,Bangkok  10500,,THAILAND,
1201,6181,102432,cf3cfd50-a865-e911-a990-0022480042b3,true,Chartered Insurance Solutions Co Ltd,,null,null,null,Chartered Insurance Solutions Co Ltd,Chartered Insurance Solutions Co Ltd,c.sik@chartered.co.th,+662 180 6789,+662 180 6798,102631,Ari Hills  17/B Floor,No. 428 Phahonyothin Rd,,,Samsennai Phayathai Bangkok,,THAILAND,10400
1200,6180,102388,036d4c82-e061-e911-a98c-00224800510b,true,Sector Associates Ltd,,null,null,null,Sector Associates Ltd,Sector Associates Ltd,,,,102585,GFI Teleware House,,,,THIRSK,,UNITED KINGDOM,YO7 3BX
1199,6179,102147,0448ffbc-4d5c-e911-a98f-0022480042b3,true,Prosper Insurance Agents and Consultants Ltd,,null,null,null,Prosper Insurance Agents and Consultants Ltd,Prosper Insurance Agents and Consultants Ltd,prosper@cytanet.com.cy,0035799634119,,102341,36 G Averof Str. 6052,,,,Larnaca,,CYPRUS,
1198,6178,101893,b412a082-2856-e911-a98f-0022480042b3,true,ES Risks Limited,,null,null,null,ES Risks Limited,ES Risks Limited,david.seddon@esrisks.com,02079775200,,102081,2 ,America Square ,,,London,,UNITED KINGDOM,EC3N 2LU
1197,6177,101877,118c94da-1156-e911-a98a-00224800510b,true,Northern Lloyd Insurance Services GmbH,,null,null,null,Northern Lloyd Insurance Services GmbH,Northern Lloyd Insurance Services GmbH,Ji.suh@northernlloyd.com,+49 421 59 60 65 17,,102065,Herrlichkeit 4,,,,Bremen,,GERMANY,28199
1196,6176,101621,8c382fe7-4751-e911-a98b-002248005d88,true,Ouest Assurances ,,null,null,null,Ouest Assurances ,Ouest Assurances ,contact@ouest-assurances.fr,+33 (0)2 9982 5334,,101800,Ouest Assurances,Immeuble Newquay,10 Avenue A. Conti,,Saint-Nalo,,FRANCE,35400
1195,6175,101603,9ff2bb35-a950-e911-a98c-0022480053e9,true,Olsare Ecuador S.A. Intermediario De Reaseguros,,null,null,null,Olsare Ecuador S.A. Intermediario De Reaseguros,Olsare Ecuador S.A. Intermediario De Reaseguros,gidgsy.macias@olsare.com,593-046014451,,101782,CDLA. BAHIA NORTE MZ,57 OLARE 2,EDIFICIO SKY BUILDING ,,PISO 2 OFICINA 202,,ECUADOR,
1194,6174,101350,d6a14c98-1c4b-e911-a98a-00224800510b,true,Marsh GmbH,,null,null,null,Marsh GmbH,Marsh GmbH,,+49 (0)40376920,,101523,Neuer Dovenhof,Brandstwiete 1,20457,,Hamburg,,GERMANY,
1193,6173,101311,2a8c7e4d-664a-e911-a98c-0022480053e9,true,Rhodes Risk Advisors  LLC,,null,null,null,Rhodes Risk Advisors  LLC,Rhodes Risk Advisors  LLC,admin@rhodesra.com,4049026428,6786492106,101484,Rhodes Risk Advisors  LLC,3340 Peachtree Road,,,Atlanta,,UNITED STATES OF AMERICA,GA 30326
1192,6171,100942,4efc5e32-e543-e911-a989-002248005d88,true,Bruce Chiene Pty Ltd,,null,null,null,Bruce Chiene Pty Ltd,Bruce Chiene Pty Ltd,chiene@brucechiene.com,+61 02 98682199,+61 02 98682099,101113,Shop 21  74-76 Rawson Street ,,,,Epping  Sydney  NSW ,,AUSTRALIA,2121
1191,6169,100939,eecfdfd5-e443-e911-a988-0022480056f9,true,PT. Pandi Indonesia,,null,null,null,PT. Pandi Indonesia,PT. Pandi Indonesia,pandiadm1@gmail.com,+62 21 84303080,,101110,Bukit Golf Riverside,Cibubur Ruko Centre Point,Blok AA 4 No. 9,Gunung Putri,Bogor 16963,,INDONESIA,
1190,6151,100780,b77443ba-ba40-e911-a989-002248005d88,true,PSC Property Lync Insurance Brokers Pty Ltd,,null,null,null,PSC Property Lync Insurance Brokers Pty Ltd,PSC Property Lync Insurance Brokers Pty Ltd,info@lyncinsure.com.au,1300 127503,,100919,PO Box 7476,Cloisters Square PO,,,WA,,AUSTRALIA,6850
1189,6165,100384,55c0f60b-453b-e911-a987-0022480056f9,true,Conseil et Gestion D'Assurance SAL (CGA),,null,null,null,Conseil et Gestion D'Assurance SAL (CGA),Conseil et Gestion D'Assurance SAL (CGA),management@cga-assurance.com,009614715546,,100503,POBOX: 16-5851 Ashafieh Beirut,,,,Beirut,,LEBANON,
1188,6153,100302,f653c242-d739-e911-a98d-0022480042b3,true,County Hooper Dolan Insurances Limited,,null,null,null,County Hooper Dolan Insurances Limited,County Hooper Dolan Insurances Limited,,00 353 1 2819754,,100415,County Hooper Dolan Insurances Limited,Main Street,,,Newtownmountkennedy,Co. Wicklow,IRELAND REPUBLIC OF,
1187,6164,100017,645f7e21-ea35-e911-a986-0022480056f9,true,Gras Savoye Insurance Broker LLC,,null,null,null,Gras Savoye Insurance Broker LLC,Gras Savoye Insurance Broker LLC,contact@grassavoye.ae,97124451170,97124451171,100124,Gras Savoye Gulf Insurance Broker LLC,Airport road,Same bldg of NBK - national bank of kuwait,,Abu Dhabi,,UNITED ARAB EMIRATES,
1186,6163,100002,8826702e-ce35-e911-a98c-0022480042b3,true,Lockton Companies (Singapore) Pte Ltd.,,null,null,null,Lockton Companies (Singapore) Pte Ltd.,Lockton Companies (Singapore) Pte Ltd.,sarogenei.k@asia.lockton.com,+65 6221 1288,+65 6225 0682,100108,6 Raffles Quay,#19-01,,,Singapore 048580,,SINGAPORE  REPUBLIC OF,
1185,6161,99033,b73769c1-4530-e911-a984-0022480053e9,true,NDI INSURANCE & REINSURANCE BROKERS LTD,,null,null,null,NDI INSURANCE & REINSURANCE BROKERS LTD,NDI INSURANCE & REINSURANCE BROKERS LTD,chris@ndiinsurance.co.uk,+44 (0) 1603677790,,99124,NDI INSURANCE & REINSURANCE BROKERS LTD,9th Floor Norfolk Tower,48-52 Surrey Street,Norwich,Norfolk,,UNITED KINGDOM,NR1 3PA
1184,6160,98263,a7bd7d40-932b-e911-a985-00224800510b,true,ALFREDO JAVIER ARCE ARCE,,null,null,null,ALFREDO JAVIER ARCE ARCE,ALFREDO JAVIER ARCE ARCE,lfredoarce@arcebroker.com,(51) 996147047,,98322,CALLE DUBLIN 110  OFICINA 401,SURQUILLO,,,LIMA,,PERU,
1183,6159,98119,09439aa3-c62a-e911-a988-0022480050c6,true,Kyoritsu Insurance Brokers (Thailand) Co.  Ltd.,,null,null,null,Kyoritsu Insurance Brokers (Thailand) Co.  Ltd.,Kyoritsu Insurance Brokers (Thailand) Co.  Ltd.,pichiticc@gmail.com,,,98164,1168/83 Lumpini Tower,28th Floor  Rama 4 Road  Khet Sathorn,,,Bangkok 10120,,THAILAND,.
1182,6157,97445,bb5f2759-6528-e911-a987-002248005d88,true,Bolea Saez Servicios S.L.,,null,null,null,Bolea Saez Servicios S.L.,Bolea Saez Servicios S.L.,joseangel@boleasaez.com,+34 686 994 346,+34 968 321 736,97486,Plaza Alcolea No18  2A,,,,30201 Cartagena,,SPAIN,
1181,6158,97426,2bcaafb5-3d26-e911-a98b-0022480042b3,true,Brown & Brown of Washington Inc,,null,null,null,Brown & Brown of Washington Inc,Brown & Brown of Washington Inc,ABone@bbseattle.com,,,97462,800 5th Avenue Suite 2400,,,,Seattle,,UNITED STATES OF AMERICA,WA 98104
1180,6156,97302,e4bf1166-5525-e911-a988-0022480050c6,true,Tolehouse Risk Services Pty Ltd,,null,null,null,Tolehouse Risk Services Pty Ltd,Tolehouse Risk Services Pty Ltd,simon.race@tolehouse.com.au,+61 8 9321 1334,,97334,Suite 1  The Esplanade,Mount Pleasant,Western Australia,,6153,,AUSTRALIA,
1179,6155,97217,01dc365c-9e24-e911-a987-002248005d88,true,Howden Insurance Brokers LLC,,null,null,null,Howden Insurance Brokers LLC,Howden Insurance Brokers LLC,vivek.sharan@howdengroup.com,0097143573835,,97248,Howden Insurance Brokers LLC,PO Box: 49195  Office #305,Al Nasr Plaza Bldg,Oud Metha,Dubai,,UNITED ARAB EMIRATES,
1178,6154,97112,30783536-7524-e911-a985-00224800510b,true,Perinsuran (Brokar) Sdn Bhd,,null,null,null,Perinsuran (Brokar) Sdn Bhd,Perinsuran (Brokar) Sdn Bhd,,603 7960 4921,603 7960 4920,97143,Unit 308  Block D ,Phileo Damansara 1,,,Petaling Jaya Selangor,,MALAYSIA,46350
1177,6152,96223,04ffabd6-7819-e911-a988-0022480050c6,true,Transnational Insurance Brokers (M) Sdn Bhd,,null,null,null,Transnational Insurance Brokers (M) Sdn Bhd,Transnational Insurance Brokers (M) Sdn Bhd,phng@transnat.com.my,+6082 455841,+6082 456841,96238,1st & 2nd Floor  Wisma TIB, 3rd Mile  Central Avenue,Jalan Tan Sri Datuk Amar Kalong Ningkan,93250 Kuching,Sarawak ,,MALAYSIA,
1176,6150,95822,10367892-2814-e911-a985-002248005d88,true,eUNDERWRITERS Managing General Agent,,null,null,null,eUNDERWRITERS Managing General Agent,eUNDERWRITERS Managing General Agent,jcarlton@eunderwriters.ca,6042931531,6042931248,95837,2628-4720 Kingsway,Metrotower 2,,,Burnaby  BC,,CANADA,V5C 2H6
1175,6149,95564,b15296c7-6e12-e911-a982-0022480053e9,true,Next Insurance Brokers Service Co Ltd,,null,null,null,Next Insurance Brokers Service Co Ltd,Next Insurance Brokers Service Co Ltd,mailbox@nextbroker.co.kr,+827043487034,+827040090033,95570,Rm# 604-1  Sejongro Daewoo Building,30 Saemunan-ro  3-gil  Jongno-gu,,,Seoul,,KOREA  REPUBLIC OF,
1174,6147,94661,252eb646-bf02-e911-a983-0022480056f9,true,Otto Insurance Brokers Limited,,null,null,null,Otto Insurance Brokers Limited,Otto Insurance Brokers Limited,,,,94620,Unit 9  10/F  New Trend Centre,No. 704 Prince Edward Road East,,,Kowloon,,HONG KONG,
1173,6146,94630,5c5f31f4-af02-e911-a989-0022480042b3,true,Superyacht Insurance Brokers Limited,,null,null,null,Superyacht Insurance Brokers Limited,Superyacht Insurance Brokers Limited,info@superyachtinsurancebrokers.com,02030538612,,94589,32 Threadneedle Street,,,,London,,UNITED KINGDOM,EC2R 8AY
1172,6145,94381,04b54951-cdfe-e811-a985-0022480050c6,true,AMMIS RISK SOLUTIONS LIMITED,,null,null,null,AMMIS RISK SOLUTIONS LIMITED,AMMIS RISK SOLUTIONS LIMITED,adam@ammis.london,02077706605,,94340,Ammis Risk Solutions Limited,Bank House,Bank Street,,Tonbridge,Kent,UNITED KINGDOM,TN9 1BL
1171,6143,94055,a0b12180-10f7-e811-a982-0022480056f9,true,Miller Insurance Services LLP,,null,null,null,Miller Insurance Services LLP,Miller Insurance Services LLP,AARON.JAGO@MILLER-INSURANCE.COM,02084882345,,63417,70 Mark Lane ,,,,London,,UNITED KINGDOM,EC3R 7NQ
1170,6141,93949,783a6c11-f2f3-e811-a984-002248005d88,true,Bradley's Commercial Insurance Limited,,null,null,null,Bradley's Commercial Insurance Limited,Bradley's Commercial Insurance Limited,,,,63306,1456 Stittsville Main St  P.O. Box 1234,,,,Stittsville  ON,K2 1B3,CANADA,
1169,6142,93904,1cadfa2d-2bf3-e811-a982-0022480056f9,true,Cabinet Berat et Fils,,null,null,null,Cabinet Berat et Fils,Cabinet Berat et Fils,hblanchard@cbfassurances.fr,+33 493878397,,63256,1 Rue Longchamp ,,,,Nice,,FRANCE,06000
1168,6089,93824,2575356c-8ef1-e811-a97f-0022480053e9,true,STBU Brokerzy Ubezpieczeniowi Sp. z.o.o,,null,null,null,STBU Brokerzy Ubezpieczeniowi Sp. z.o.o,STBU Brokerzy Ubezpieczeniowi Sp. z.o.o,r.marciniak@stbu.pl,+48 585558200,+48 585558202,63170,81-855 Sopot,Rzemieslnicza st 33,,,Gdansk,,POLAND,
1167,6137,93675,d512b2e3-7ced-e811-a983-0022480042b3,true,Capital Insurance (Broking) Group Pty Ltd,,null,null,null,Capital Insurance (Broking) Group Pty Ltd,Capital Insurance (Broking) Group Pty Ltd,,61741283455,,63006,PO Box 1071  ,Hervey Bay ,,,Queensland,,AUSTRALIA,4655
1166,6139,93595,112eedb7-f4eb-e811-a980-0022480056f9,true,BUREAU GRUVEL SARL,,null,null,null,BUREAU GRUVEL SARL,BUREAU GRUVEL SARL,l.gruvel@gruvel.fr,+33494185999,+33494189701,62920,48 rue Picot,,,,Toulon,,FRANCE,83000
1165,6138,93489,a30e9cca-24e8-e811-b767-005056b03908,true,AON RISK SERVICES,null,null,null,null,AON RISK SERVICES,AON RISK SERVICES,null,410-363-5800,null,62812,PASC (Premium Accounting Service Center),10461 Mill Run Circle,Owings Mills,null,Houston,Texas,UNITED STATES OF AMERICA,MD 21117
1164,6136,93349,bc05b663-6ce3-e811-b767-005056b03908,true,UMC BROKERS (PTY) LTD,null,null,null,null,UMC BROKERS (PTY) LTD,UMC BROKERS (PTY) LTD,MARK@UMCBROKERS.CO.ZA,+27 10 596 0722,+27 86,62681,3 ROLINA AVENUE,null,null,null,QUELLERINA,,SOUTH AFRICA,1729
1163,6132,92912,9a15cf45-c1dd-e811-b767-005056b03908,true,Anora Global Ltd,null,null,null,null,Anora Global Ltd,Anora Global Ltd,samuel.soon@anoraagency.com,+3012-211 3214,null,62256,Unit Level 11 (A),Main Office Tower,Financial Park Labuan,Jalan Merdeka,87000 Labuan FT,,MALAYSIA,null
1162,6135,92873,31d135ea-52dc-e811-b767-005056b03908,true,KARAVIAS UNDERWRITING AGENCY,null,null,null,null,KARAVIAS UNDERWRITING AGENCY,KARAVIAS UNDERWRITING AGENCY,info@gkaravias.gr,+30 2103640618,+30 2103643503,62225,EVRIPIDOU 12,null,null,null,ATHENS,,GREECE,10559
1161,6133,92857,d7581d29-92db-e811-b767-005056b03908,true,USI Insurance Services LLC,null,null,null,null,USI Insurance Services LLC,USI Insurance Services LLC,bart.odd@usi.com,716-314-2000,716-314-2199,62210,726 Exchange Street,Suite 618,null,null,Buffalo  NY 14210,,UNITED STATES OF AMERICA,null
1160,6131,92807,cb656d3e-3ad8-e811-b767-005056b03908,true,Shepherd Compello Ltd,null,null,null,null,Shepherd Compello Ltd,Shepherd Compello Ltd,null,2073784000,null,62169,55 Gracechurch Street,null,null,null,London,,UNITED KINGDOM,EC3V 0EE
1159,6130,92736,71d97059-a0d6-e811-b767-005056b03908,true,Arthur J. Gallagher & Co (AUS) Limited,null,null,null,null,Arthur J. Gallagher & Co (AUS) Limited,Arthur J. Gallagher & Co (AUS) Limited,Alexandra.Ferguson@ajg.com.au,+61 435 657 376,null,62111,289 Wellington Parade South,East Melbourne,null,null,Victoria 3002,,AUSTRALIA,null
1158,6129,92534,7fd86668-42cd-e811-b767-005056b03908,true,MANKAD & ASSOCIATES INSURANCE BROKING PVT. LTD.,null,null,null,null,MANKAD & ASSOCIATES INSURANCE BROKING PVT. LTD.,MANKAD & ASSOCIATES INSURANCE BROKING PVT. LTD.,KAUSTUBH@MANKADINSURE.COM,+91 2267618900,null,61931,301 B-WING,PRAMUKH PLAZA,CARDINAL GRACIAS ROAD,CHAKALA  ANDHERI (E),MUMBAI,,INDIA,400 099
1157,6127,92230,f07a77d9-0ec0-e811-b767-005056b03908,true,HUSHCRAFT LTD,null,null,null,null,HUSHCRAFT LTD,HUSHCRAFT LTD,ben@hushcraft.com,1206625180,null,61666,Blackwater House,Woodrolfe Road,Tollesbury,null,Essex,,UNITED KINGDOM,CM9 8SE
1156,6126,92221,b65e3f1f-d8bf-e811-b767-005056b03908,true,Gibson Insurance Brokers Pty Ltd,null,null,null,null,Gibson Insurance Brokers Pty Ltd,Gibson Insurance Brokers Pty Ltd,graham.gibson@gibsoninsurance.com.au,299542000,299223787,61655,119 Union Street,Mcmahons Point,null,null,NSW 2060,,AUSTRALIA,null
1155,6124,92209,ed1ba6f7-a4bd-e811-b767-005056b03908,true,Lanka Maritime Services Limited,null,null,null,null,Lanka Maritime Services Limited,Lanka Maritime Services Limited,null,112167900,112699338,61646,Thurburn Wing,400  Deans Road,null,null,Colombo 10,,SRI LANKA,null
1154,6125,92200,9338c222-7fbd-e811-b767-005056b03908,true,WILLY INSURANCE BROKERS PTE LTD,null,null,null,null,WILLY INSURANCE BROKERS PTE LTD,WILLY INSURANCE BROKERS PTE LTD,wilsontan@willy.com.sg,62262220,62260100,61637,WILLY INSURANCE BROKERS PTE LTD,20 MAXWELL ROAD,#07-11 MAXWELL HOUSE,,SINGAPORE,,SINGAPORE  REPUBLIC OF,69113
1153,6123,92034,50ccff6f-77b6-e811-b767-005056b03908,true,NSB Claim Solutions GmbH,null,null,null,null,NSB Claim Solutions GmbH,NSB Claim Solutions GmbH,team@nsb-claimsolutions.com,+49 4161 645 275,null,61489,Harburger Str. 47-51,,null,null,Buxtehude,,GERMANY,21614
1152,6122,91845,5e370c77-9caa-e811-b767-005056b03908,true,Voyager Risk Solutions Limited,null,null,null,null,Voyager Risk Solutions Limited,Voyager Risk Solutions Limited,tommyho@voyfg.com,85228716988,85228716908,61348,Unit 1002,Golden Financial Global Centre,17 Kai Cheung Road,Kowloon Bay,Hong Kong,,HONG KONG,null
1151,6015,84752,47ab9a19-e25c-e711-b767-005056b03908,true,Sigma Insurance Brokers Ltd,null,null,null,null,Sigma Insurance Brokers Ltd,Sigma Insurance Brokers Ltd,sigmains@asolakian.gr,null,null,26117,6A  Aristotelous Street,Alimos 17455,null,null,Attica,null,GREECE,null
1150,6010,84203,d5f78120-3c50-e711-b767-005056b03908,true,Robinson Insurance Broking Services Pty Ltd,null,null,null,null,Robinson Insurance Broking Services Pty Ltd,Robinson Insurance Broking Services Pty Ltd,andrew@robinsoninsurance.com.au,+61  08 6169 3540,null,25526,PO Box 2246 ,Churchlands ,null,null,Western Australia,null,AUSTRALIA,6018
1149,6020,86366,43403e3c-f680-e711-b767-005056b03908,true,Proteus Risk Solutions NV,null,null,null,null,Proteus Risk Solutions NV,Proteus Risk Solutions NV,null,3234010035,null,57881,Proteus Risk Solutions NV,Suikerrui 5,2000,null,Antwerp,null,BELGIUM,null
1148,6012,84475,1c4913a6-6b56-e711-b767-005056b03908,true,MARINCON GmbH & Co. KG,null,null,null,null,MARINCON GmbH & Co. KG,MARINCON GmbH & Co. KG,info@marincon.de,49403347550,4.94033E+11,25816,Katharinenstr. 4  20457,null,null,null,Hamburg,null,GERMANY,null
1147,6019,85977,1714598f-9776-e711-b767-005056b03908,true,KBI Group Pty Ltd,null,null,null,null,KBI Group Pty Ltd,KBI Group Pty Ltd,travis.kenzle@kbigroup.com.au,864677999,null,57472,PO Box 1086,null,null,null,Perth,West Perth,AUSTRALIA,WA 6872
1146,6016,85082,06cb68f1-f062-e711-b767-005056b03908,true,IYC Insurance Brokers SMPC,null,null,null,null,IYC Insurance Brokers SMPC,IYC Insurance Brokers SMPC,am@iyc.com,+30 210 98 34 382,+30 210 98 82 326,26427,34  Alimou Avenue,null,null,null,Alimos,null,GREECE,174 55
1145,6027,87561,10b48ebb-6299-e711-b767-005056b03908,true,IVES INSURANCE BROKERS LIMITED,null,null,null,null,IVES INSURANCE BROKERS LIMITED,IVES INSURANCE BROKERS LIMITED,JEFFI@IVESINSURANCE.COM,519-776-7371,519-776-4451,59132,347,MAIDSTONE AVENUE EAST,ESSEX,null,ONTARIO,null,CANADA,N8M 2Y4
1144,6025,87388,f033e398-af94-e711-b767-005056b03908,true,Frenkel & Company,null,null,null,null,Frenkel & Company,Frenkel & Company,tauliano@frenkel.com,2017934019,null,58947,201 Hudson Street,Suite 601,null,null,Jersey City,null,UNITED STATES OF AMERICA,NJ 07311
1143,6011,84472,c2cf441f-6456-e711-b767-005056b03908,true,Empire Insurance Group Pty Ltd,null,null,null,null,Empire Insurance Group Pty Ltd,Empire Insurance Group Pty Ltd,harryl@empireig.com.au,+61 08 6555 7728,+61 08 6555 7729,25813,PO Box 202  Northbridge ,null,null,null,WA,null,AUSTRALIA,6865
1142,6014,84556,84921d37-5b57-e711-b767-005056b03908,true,DIOT SA,null,null,null,null,DIOT SA,DIOT SA,null,null,null,25902,40 rue Laffitte,null,null,null,Paris,null,FRANCE,75009
1141,6024,87365,1cff788c-b393-e711-b767-005056b03908,true,Chongqing Shipowner's Mutual Insurance Association,null,null,null,null,Chongqing Shipowner's Mutual Insurance Association,Chongqing Shipowner's Mutual Insurance Association,ihb@csmia.cn,+86 23 67893265,null,58923,Yuan Hang Road 88 A502 ,Jiang Bei District ,null,null,Chongqing,null,CHINA  PEOPLES REPUBLIC OF,null
1140,6007,83082,c0b7c041-df3e-e711-b767-005056b03908,true,CG Re (Africa) Ltd,null,null,null,null,CG Re (Africa) Ltd,CG Re (Africa) Ltd,null,+230 489 2000,null,24326,Suite 216A  Ebène Junction,Rue de la Democratie,null,null,Ebène,null,MAURITIUS,null
